{
    "coinRequired": 16.899999618530275,
    "maxStat": 30.0,
    "statPlus": 1.0,
    "currentStatPlus": 2.0,
    "percentRise": 0.30000001192092898
}