{
    "coinRequired": 302.8751525878906,
    "maxStat": 30.0,
    "statPlus": 1.0,
    "currentStatPlus": 13.0,
    "percentRise": 0.30000001192092898
}