{
    "coinRequired": 393.7377014160156,
    "maxStat": 30.0,
    "statPlus": 1.0,
    "currentStatPlus": 14.0,
    "percentRise": 0.30000001192092898
}